{"cameraMode":{"drawMode":0,"name":"Shaded","section":"Shading Mode"},"sceneLighting":false,"audioPlay":false,"sceneViewState":{"showFog":true,"showMaterialUpdate":false,"showSkybox":false,"showFlares":true,"showImageEffects":true,"showParticleSystems":true},"in2DMode":false,"pivot":{"x":235.4305419921875,"y":412.2746276855469,"z":-52.164024353027347},"rotation":{"x":-0.06655712425708771,"y":-0.01047899853438139,"z":0.0006979681784287095,"w":-0.9977391362190247},"size":444.705078125,"orthographic":false}