{"cameraMode":{"drawMode":0,"name":"Shaded","section":"Shading Mode"},"sceneLighting":true,"audioPlay":false,"sceneViewState":{"showFog":true,"showMaterialUpdate":false,"showSkybox":true,"showFlares":true,"showImageEffects":true,"showParticleSystems":true},"in2DMode":false,"pivot":{"x":221.84091186523438,"y":549.3699340820313,"z":65.5143051147461},"rotation":{"x":-0.05906977504491806,"y":-0.015273637138307095,"z":0.0009049415239132941,"w":-0.9981604814529419},"size":785.1968994140625,"orthographic":false}